{
  "n_shot": 5,
  "n_writers": 10,
  "CER_before": 0.004962642266708018,
  "CER_after": 0.0053950955548020775,
  "CER_improvement": -0.0004324532880940592,
  "CER_improvement_pct": -8.714174120411226
}