{
  "n_boot": 10000,
  "seed": 42,
  "math": {
    "vlm": {
      "raw": {
        "mean_cer": 0.18106311288737378,
        "ci_lo": 0.14974259022610467,
        "ci_hi": 0.21509719730476573
      },
      "post": {
        "mean_cer": 0.1792544946204077,
        "ci_lo": 0.1479407997713619,
        "ci_hi": 0.21336490615424106
      }
    },
    "tamer": {
      "raw": {
        "mean_cer": 25.74224805048154,
        "ci_lo": 21.932970459836177,
        "ci_hi": 29.71455575765428
      },
      "post": {
        "mean_cer": 1.0,
        "ci_lo": 1.0,
        "ci_hi": 1.0
      }
    },
    "pix2tex": {
      "raw": {
        "mean_cer": 2.849228377840352,
        "ci_lo": 2.5931587650131855,
        "ci_hi": 3.1229474623343356
      },
      "post": {
        "mean_cer": 2.7633988154801337,
        "ci_lo": 2.5034850858692166,
        "ci_hi": 3.035767644256257
      }
    },
    "trocr": {
      "raw": {
        "mean_cer": 0.8009556770163615,
        "ci_lo": 0.7849137321679621,
        "ci_hi": 0.8170544257695302
      },
      "post": {
        "mean_cer": 0.800721071150497,
        "ci_lo": 0.7846421892245825,
        "ci_hi": 0.816781310310772
      }
    },
    "paddleocr-vl": {
      "raw": {
        "mean_cer": 0.5062681475724276,
        "ci_lo": 0.46416152351189527,
        "ci_hi": 0.5509286661641393
      },
      "post": {
        "mean_cer": 0.5062681475724276,
        "ci_lo": 0.46416152351189527,
        "ci_hi": 0.5509286661641393
      }
    },
    "vlm_exprate_wilson": {
      "k": 23,
      "n": 134,
      "p": 0.17164179104477612,
      "ci_lo": 0.11718265287943844,
      "ci_hi": 0.24440339951693538
    },
    "paired_vlm_vs_paddle_post": {
      "mean_diff": 0.3270136529520199,
      "ci_lo": 0.28232363119712195,
      "ci_hi": 0.3741595528670856,
      "p_two_sided": 9.999000099990002e-05
    }
  },
  "text": {
    "base_trocr_iam": {
      "mean_cer": 0.33264572625944966,
      "ci_lo": 0.2986044023277199,
      "ci_hi": 0.36712217790939256
    },
    "reptile_meta": {
      "mean_cer": 0.3319296366057332,
      "ci_lo": 0.29816870841539367,
      "ci_hi": 0.36578845393435955
    },
    "jakob_finetune": {
      "mean_cer": 0.14652723987970684,
      "ci_lo": 0.11716237883904934,
      "ci_hi": 0.177977753393975
    },
    "vlm_qwen3": {
      "mean_cer": 0.057167195391060716,
      "ci_lo": 0.03450817541185063,
      "ci_hi": 0.08389680947790405
    },
    "vlm_qwen3_adapted": {
      "mean_cer": 0.05471397785696083,
      "ci_lo": 0.031840489810477386,
      "ci_hi": 0.08136314286239854
    },
    "paired_finetune_vs_reptile": {
      "mean_diff": 0.18540239672602635,
      "ci_lo": 0.16018259165706844,
      "ci_hi": 0.21098567749743904,
      "p_two_sided": 9.999000099990002e-05
    },
    "paired_vlm_zeroshot_vs_finetune": {
      "mean_diff": 0.08936004448864614,
      "ci_lo": 0.05687820875163692,
      "ci_hi": 0.12329768156144519,
      "p_two_sided": 9.999000099990002e-05
    },
    "paired_adapter_vs_zeroshot": {
      "mean_diff": 0.0024532175340998873,
      "ci_lo": -0.015887138188608776,
      "ci_hi": 0.01703907203907204,
      "p_two_sided": 0.8274172582741726
    }
  }
}